bits_encoding,tuple_bit,error,accuracy,balanced_accuracy,precision,recall,f1_score,train_time,test_time
256,32,0.01,0.7316478439425051,0.7813875904284919,0.9974217311233886,0.5651085141903172,0.7214599706940189,0.9680878519975522,0.29639317599867354
