bits_encoding,tuple_bit,error,accuracy,balanced_accuracy,precision,recall,f1_score,train_time,test_time
256,32,0.01,0.7503850102669405,0.7966836393989983,0.9979013641133263,0.5953672787979967,0.7457848647235655,0.9413536959982594,0.27992243799963035
