bits_encoding,tuple_bit,error,accuracy,balanced_accuracy,precision,recall,f1_score,train_time,test_time
256,32,0.01,0.8148242485990831,0.8483200054960154,0.9916087962962963,0.7063066776586975,0.8249879634087627,0.7701993660011794,0.22647343399876263
