bits_encoding,tuple_bit,error,accuracy,balanced_accuracy,precision,recall,f1_score,train_time,test_time
256,32,0.01,0.804890473764646,0.8395823028304479,0.9882352941176471,0.6924979389942292,0.814348036839554,0.7813676439982373,0.23090732900163857
