bits_encoding,tuple_bit,error,accuracy,balanced_accuracy,precision,recall,f1_score,train_time,test_time
256,24,0.01,0.4576659038901602,0.5,0.20945807958359736,0.4576659038901602,0.2873883226939781,0.23642271000426263,0.0728517509996891
