bits_encoding,tuple_bit,error,accuracy,balanced_accuracy,precision,recall,f1_score,train_time,test_time
256,32,0.01,0.4591914569031274,0.500521800281294,0.515510110559518,0.4591914569031274,0.2996064203994532,0.8171119350008667,0.25807954799893196
