bits_encoding,tuple_bit,error,accuracy,balanced_accuracy,precision,recall,f1_score,train_time,test_time
256,32,0.01,0.8320413436692506,0.711911896393204,0.8697355533790402,0.4488970588235294,0.5921614985905247,33.58722484000009,11.240830792000452
