bits_encoding,tuple_bit,error,accuracy,balanced_accuracy,precision,recall,f1_score,train_time,test_time
256,2,0.01,0.38027279616064663,0.5011183407889386,1.0,0.0022366815778771857,0.0044633799959423815,3.0492792500008363,1.2989757579998695
