bits_encoding,tuple_bit,error,accuracy,balanced_accuracy,precision,recall,f1_score,train_time,test_time
256,32,0.01,0.9028795150290477,0.9056329808865393,0.9464170432537121,0.8942659617730785,0.9196027182435964,1.4980236699993839,0.46482409099917277
