bits_encoding,tuple_bit,error,accuracy,balanced_accuracy,precision,recall,f1_score,train_time,test_time
256,32,0.01,0.3814889845530514,0.5004874778821288,0.6666666666666666,0.005308289097590854,0.010532712173384647,0.970962593000877,0.29784112899869797
