bits_encoding,tuple_bit,error,accuracy,balanced_accuracy,precision,recall,f1_score,train_time,test_time
256,32,0.01,0.37964701464513706,0.4999185207456404,0.6222222222222222,0.01683704149128082,0.03278688524590164,0.7522932539977774,0.23044864099938422
