bits_encoding,tuple_bit,error,accuracy,balanced_accuracy,precision,recall,f1_score,train_time,test_time
256,32,0.01,0.37801977719364127,0.5014063940669473,0.7631578947368421,0.005812788133894568,0.011537696439228168,0.7549698039947543,0.2319312369945692
