bits_encoding,tuple_bit,error,accuracy,balanced_accuracy,precision,recall,f1_score,train_time,test_time
1024,32,0.01,0.5015646513956691,0.5170669472840248,0.6425941659586519,0.45480056123471635,0.5326291079812207,11.142376136005623,3.6481719430012163
