bits_encoding,tuple_bit,error,accuracy,balanced_accuracy,precision,recall,f1_score,train_time,test_time
256,32,0.01,0.9786242365798778,0.979130974549969,0.9936081815276446,0.9649286157666046,0.9790584159974807,0.7837337540004228,0.26165656200100784
