bits_encoding,tuple_bit,error,accuracy,balanced_accuracy,precision,recall,f1_score,train_time,test_time
1024,32,0.01,0.9847315975570556,0.9849819987585351,0.9924409448818897,0.9779639975170702,0.9851492887290918,3.896053234995634,1.201497146001202
